<?xml version="1.0" encoding="UTF-8"?>
<project-private xmlns="http://www.netbeans.org/ns/project-private/1">
    <editor-bookmarks xmlns="http://www.netbeans.org/ns/editor-bookmarks/2" lastBookmarkId="0"/>
    <open-files xmlns="http://www.netbeans.org/ns/projectui-open-files/2">
        <group>
            <file>file:/C:/Users/wil2170824/Downloads/Xbrowser-2016-02-17/Xbrowser/src/xbrowser/XbrowserController.java</file>
            <file>file:/C:/Users/wil2170824/Downloads/Xbrowser-2016-02-17/Xbrowser/src/xbrowser/Xbrowser.fxml</file>
        </group>
    </open-files>
</project-private>
